id,instance_size,payload,max_job_retries
CL0015080,m2.4xlarge,/data3/UAT/data_files/current/CL0015080,1
CL0012501,m2.4xlarge,/data3/UAT/data_files/current/CL0012501,1
CL0010310,m2.4xlarge,/data3/UAT/data_files/current/CL0010310,1
CL0010155,m2.4xlarge,/data3/UAT/data_files/current/CL0010155,1
CL0010515,m2.4xlarge,/data3/UAT/data_files/current/CL0010515,1
CL0010340,m2.4xlarge,/data3/UAT/data_files/current/CL0010340,1
CL0010510,m2.4xlarge,/data3/UAT/data_files/current/CL0010510,1
CL0010520,m2.4xlarge,/data3/UAT/data_files/current/CL0010520,1
CL0010170,m2.xlarge,/data3/UAT/data_files/current/CL0010170,1
CL0010120,m2.xlarge,/data3/UAT/data_files/current/CL0010120,1
CL0011130,m2.xlarge,/data3/UAT/data_files/current/CL0011130,1
CL0010230,m2.xlarge,/data3/UAT/data_files/current/CL0010230,1
CL0010501,m2.xlarge,/data3/UAT/data_files/current/CL0010501,1
CL0010540,m2.xlarge,/data3/UAT/data_files/current/CL0010540,1
CL0010560,m2.xlarge,/data3/UAT/data_files/current/CL0010560,1
CL0010101,m2.xlarge,/data3/UAT/data_files/current/CL0010101,1
CL0015050,m2.xlarge,/data3/UAT/data_files/current/CL0015050,1
CL0010110,m2.xlarge,/data3/UAT/data_files/current/CL0010110,1
CL0011135,m2.xlarge,/data3/UAT/data_files/current/CL0011135,1
CL0015040,m2.xlarge,/data3/UAT/data_files/current/CL0015040,1
CL0010180,m2.xlarge,/data3/UAT/data_files/current/CL0010180,1
CL0015055,m2.xlarge,/data3/UAT/data_files/current/CL0015055,1
CL0010150,m2.xlarge,/data3/UAT/data_files/current/CL0010150,1
CL0010210,m2.xlarge,/data3/UAT/data_files/current/CL0010210,1
CL0012575,m2.xlarge,/data3/UAT/data_files/current/CL0012575,1
CL0010135,m2.xlarge,/data3/UAT/data_files/current/CL0010135,1
CL0012202,m2.xlarge,/data3/UAT/data_files/current/CL0012202,1
CL0012222,m2.xlarge,/data3/UAT/data_files/current/CL0012222,1
CL0023110,m2.xlarge,/data3/UAT/data_files/current/CL0023110,1
CL0024102,m2.xlarge,/data3/UAT/data_files/current/CL0024102,1
CL0023106,m2.xlarge,/data3/UAT/data_files/current/CL0023106,1
CL0015010,m2.xlarge,/data3/UAT/data_files/current/CL0015010,1
CL0012230,m2.xlarge,/data3/UAT/data_files/current/CL0012230,1
CL0010145,m2.xlarge,/data3/UAT/data_files/current/CL0010145,1
CL0010160,m2.xlarge,/data3/UAT/data_files/current/CL0010160,1
CL0024504,m2.xlarge,/data3/UAT/data_files/current/CL0024504,1
CL0023101,m2.xlarge,/data3/UAT/data_files/current/CL0023101,1
CL0012515,m2.xlarge,/data3/UAT/data_files/current/CL0012515,1
CL0023104,m2.xlarge,/data3/UAT/data_files/current/CL0023104,1
CL0010355,m2.xlarge,/data3/UAT/data_files/current/CL0010355,1
CL0015075,m2.xlarge,/data3/UAT/data_files/current/CL0015075,1
CL0015045,m2.xlarge,/data3/UAT/data_files/current/CL0015045,1
CL0024502,m2.xlarge,/data3/UAT/data_files/current/CL0024502,1
CL0023103,m2.xlarge,/data3/UAT/data_files/current/CL0023103,1
CL0024510,m2.xlarge,/data3/UAT/data_files/current/CL0024510,1
CL0023201,m2.xlarge,/data3/UAT/data_files/current/CL0023201,1
CL0012265,m2.xlarge,/data3/UAT/data_files/current/CL0012265,1
CL0010241,m2.xlarge,/data3/UAT/data_files/current/CL0010241,1
CL0010525,m2.xlarge,/data3/UAT/data_files/current/CL0010525,1
CL0024103,m2.xlarge,/data3/UAT/data_files/current/CL0024103,1
CL0015099,m2.xlarge,/data3/UAT/data_files/current/CL0015099,1
CL0010350,m2.xlarge,/data3/UAT/data_files/current/CL0010350,1
CL0012221,m2.xlarge,/data3/UAT/data_files/current/CL0012221,1
CL0024101,m2.xlarge,/data3/UAT/data_files/current/CL0024101,1
CL0010570,m2.xlarge,/data3/UAT/data_files/current/CL0010570,1
CL0023202,m2.xlarge,/data3/UAT/data_files/current/CL0023202,1
CL0010115,m2.xlarge,/data3/UAT/data_files/current/CL0010115,1
CL0011140,m2.xlarge,/data3/UAT/data_files/current/CL0011140,1
CL0023203,m2.xlarge,/data3/UAT/data_files/current/CL0023203,1
CL0024506,m2.xlarge,/data3/UAT/data_files/current/CL0024506,1
CL0012525,m2.xlarge,/data3/UAT/data_files/current/CL0012525,1
CL0012215,m2.xlarge,/data3/UAT/data_files/current/CL0012215,1
CL0024505,m2.xlarge,/data3/UAT/data_files/current/CL0024505,1
CL0010240,m2.xlarge,/data3/UAT/data_files/current/CL0010240,1
CL0010530,m2.xlarge,/data3/UAT/data_files/current/CL0010530,1
CL0024501,m2.xlarge,/data3/UAT/data_files/current/CL0024501,1
CL0012510,m2.xlarge,/data3/UAT/data_files/current/CL0012510,1
CL0010330,m2.xlarge,/data3/UAT/data_files/current/CL0010330,1
CL0012505,m2.xlarge,/data3/UAT/data_files/current/CL0012505,1
CL0023204,m2.xlarge,/data3/UAT/data_files/current/CL0023204,1
CL0012220,m2.xlarge,/data3/UAT/data_files/current/CL0012220,1
CL0023199,m2.xlarge,/data3/UAT/data_files/current/CL0023199,1
CL0010375,m2.xlarge,/data3/UAT/data_files/current/CL0010375,1
CL0010550,m2.xlarge,/data3/UAT/data_files/current/CL0010550,1
CL0023107,m2.xlarge,/data3/UAT/data_files/current/CL0023107,1
CL0010205,m2.xlarge,/data3/UAT/data_files/current/CL0010205,1
CL0010235,m2.xlarge,/data3/UAT/data_files/current/CL0010235,1
CL0024108,m2.xlarge,/data3/UAT/data_files/current/CL0024108,1
CL0010301,m2.xlarge,/data3/UAT/data_files/current/CL0010301,1
CL0012520,m2.xlarge,/data3/UAT/data_files/current/CL0012520,1
CL0023108,m2.xlarge,/data3/UAT/data_files/current/CL0023108,1
CL0031070,m2.xlarge,/data3/UAT/data_files/current/CL0031070,1
CL0033002,m2.xlarge,/data3/UAT/data_files/current/CL0033002,1
CL0033003,m2.xlarge,/data3/UAT/data_files/current/CL0033003,1
CL0035030,m2.xlarge,/data3/UAT/data_files/current/CL0035030,1
CL0031550,m2.xlarge,/data3/UAT/data_files/current/CL0031550,1
CL0033009,m2.xlarge,/data3/UAT/data_files/current/CL0033009,1
CL0033010,m2.xlarge,/data3/UAT/data_files/current/CL0033010,1
CL0033012,m2.xlarge,/data3/UAT/data_files/current/CL0033012,1
CL0031030,m2.xlarge,/data3/UAT/data_files/current/CL0031030,1
CL0031020,m2.xlarge,/data3/UAT/data_files/current/CL0031020,1
CL0031580,m2.xlarge,/data3/UAT/data_files/current/CL0031580,1
CL0031530,m2.xlarge,/data3/UAT/data_files/current/CL0031530,1
CL0031010,m2.xlarge,/data3/UAT/data_files/current/CL0031010,1
CL0031060,m2.xlarge,/data3/UAT/data_files/current/CL0031060,1
CL0031520,m2.xlarge,/data3/UAT/data_files/current/CL0031520,1
CL0033004,m2.xlarge,/data3/UAT/data_files/current/CL0033004,1
CL0033008,m2.xlarge,/data3/UAT/data_files/current/CL0033008,1
CL0033006,m2.xlarge,/data3/UAT/data_files/current/CL0033006,1
CL0035055,m2.xlarge,/data3/UAT/data_files/current/CL0035055,1
CL0034001,m2.xlarge,/data3/UAT/data_files/current/CL0034001,1
CL0033001,m2.xlarge,/data3/UAT/data_files/current/CL0033001,1
CL0031540,m2.xlarge,/data3/UAT/data_files/current/CL0031540,1
CL0035075,m2.xlarge,/data3/UAT/data_files/current/CL0035075,1
CL0031560,m2.xlarge,/data3/UAT/data_files/current/CL0031560,1
CL0035060,m2.xlarge,/data3/UAT/data_files/current/CL0035060,1
CL0031040,m2.xlarge,/data3/UAT/data_files/current/CL0031040,1
CL0035010,m2.xlarge,/data3/UAT/data_files/current/CL0035010,1
CL0031570,m2.xlarge,/data3/UAT/data_files/current/CL0031570,1
CL0031050,m2.xlarge,/data3/UAT/data_files/current/CL0031050,1
CL0033005,m2.xlarge,/data3/UAT/data_files/current/CL0033005,1
CL0031031,m2.xlarge,/data3/UAT/data_files/current/CL0031031,1
CL0035070,m2.xlarge,/data3/UAT/data_files/current/CL0035070,1